{
    "skin_bloodSO2_0.35": [
        0.069555232176528,
        0.0661222719950832,
        0.0639817542338454,
        0.0618842157200585,
        0.0604826845977491,
        0.0586580056243431,
        0.0579871478469177,
        0.0570611046753522,
        0.0562110440999659,
        0.0557735132308764,
        0.0546359108065711,
        0.0534177144733686,
        0.0521647605587173,
        0.0493187452842301,
        0.046546446755177,
        0.0451915083424056,
        0.0439989230827926,
        0.0420754453962798,
        0.0404176757975996,
        0.0384664221586901
    ],
    "skin_bloodSO2_0.375": [
        0.0735226011235832,
        0.0698080302603627,
        0.0674942755725366,
        0.0652162782749709,
        0.0636546067471305,
        0.0617433146029119,
        0.0610788908971104,
        0.0601928898623577,
        0.0593769415166231,
        0.058960846780974,
        0.0578072430609903,
        0.0565141364250158,
        0.0551607872488408,
        0.0520847496690796,
        0.0491158501630906,
        0.047684069087962,
        0.0464326760015103,
        0.0444289871763011,
        0.0426672207169357,
        0.0405872563440244
    ],
    "skin_bloodSO2_0.4": [
        0.1066366345268181,
        0.1012567382939132,
        0.0978828706133792,
        0.0945514580458827,
        0.0920998881671137,
        0.0890944295796004,
        0.0880207164679776,
        0.0865480098117478,
        0.0852261294309551,
        0.0845552227331933,
        0.0828363134227606,
        0.0810072822472266,
        0.0791344630900152,
        0.0748649595313926,
        0.0706768326686691,
        0.0686265093311042,
        0.0668304468759448,
        0.0638833862891401,
        0.0609616967253554,
        0.0574902397862543
    ],
    "skin_bloodSO2_0.425": [
        0.0743875351160143,
        0.0707113455266032,
        0.0684116993650714,
        0.0661545421250621,
        0.064581784873703,
        0.0625493427733534,
        0.0617971732604127,
        0.0607495008517328,
        0.0597989987683089,
        0.0593118344753315,
        0.058085074650743,
        0.0568008308516046,
        0.0554941172276912,
        0.0525198304341564,
        0.0495970458416706,
        0.0481599521566264,
        0.0468943083989211,
        0.0448274482375146,
        0.0429242634151173,
        0.0406734779873748
    ],
    "skin_bloodSO2_0.5": [
        0.1132743271733,
        0.1075800173375076,
        0.1040054698998044,
        0.1004750183017428,
        0.0978505697673561,
        0.0946374761302589,
        0.0934855746443622,
        0.0919003540627766,
        0.0904817185428427,
        0.0897625167960986,
        0.0879403219305252,
        0.0860129584738956,
        0.0840411863498664,
        0.079552515792961,
        0.0751457189337879,
        0.072987208893685,
        0.0710928962413366,
        0.0679722653397722,
        0.0648402716488263,
        0.0611114282247936
    ],
    "skin_bloodSO2_0.525": [
        0.1086727505829357,
        0.1032065629373311,
        0.0997797858670123,
        0.0963978844663259,
        0.0939052152471727,
        0.0908618279131214,
        0.0897772514773756,
        0.0882929400877701,
        0.0869588144398232,
        0.0862830023333821,
        0.0845487801615827,
        0.0826982136584029,
        0.0807995096717514,
        0.0764766707662329,
        0.0722382514292321,
        0.0701699842133233,
        0.0683556300631534,
        0.0653753344179662,
        0.0624312104853397,
        0.0589244823107713
    ],
    "skin_bloodSO2_0.55": [
        0.1090674588037385,
        0.1035738080458004,
        0.1001312933297816,
        0.09673531598214,
        0.0942289394610436,
        0.0911753424088668,
        0.0900898736979923,
        0.0886075244747079,
        0.0872734241229965,
        0.0865986647704553,
        0.0848632125300207,
        0.0830101831963934,
        0.0811117983755198,
        0.0767838835572494,
        0.07253164116516,
        0.0704591689945813,
        0.068642111903725,
        0.0656550113959788,
        0.0626996628851683,
        0.0591756598703131
    ],
    "skin_bloodSO2_0.575": [
        0.0997798507272973,
        0.0947972338173289,
        0.0916696026978838,
        0.0885843585940182,
        0.0863045141047417,
        0.0834844761073611,
        0.0824638474732681,
        0.0810521742213688,
        0.0797876315711378,
        0.0791455797897149,
        0.0775346554463873,
        0.0758424515265954,
        0.074114599602862,
        0.0701856664348561,
        0.0663247213507032,
        0.0644314726166615,
        0.0627661740898449,
        0.0600196435330327,
        0.0572891586041134,
        0.0540373962121573
    ],
    "skin_bloodSO2_0.6": [
        0.1228594952080538,
        0.1167191337471671,
        0.1128554323096981,
        0.1090401127600789,
        0.1061592989151157,
        0.1025837296287857,
        0.1012771024512074,
        0.0994535363274555,
        0.0978322389564753,
        0.097009440723232,
        0.0949964920945891,
        0.0929240941317232,
        0.0908287594257913,
        0.0860542466384732,
        0.0813300256580188,
        0.0789969201461526,
        0.0769445775604927,
        0.0735324228485087,
        0.0700076900768023,
        0.065807527770147
    ],
    "skin_bloodSO2_0.625": [
        0.1213386069240145,
        0.1152186813178203,
        0.1113758603657957,
        0.1075794764718325,
        0.1046989867182101,
        0.1012242130379573,
        0.0999895260785661,
        0.0982984064942243,
        0.0967873766931947,
        0.0960261583427371,
        0.0941002768439004,
        0.0920643842760517,
        0.0899872793820658,
        0.0852499071091296,
        0.0805756499220506,
        0.0782939431669304,
        0.0762923569318258,
        0.0729745065773393,
        0.0695571587272649,
        0.0654681813693788
    ],
    "skin_bloodSO2_0.65": [
        0.1205632118417185,
        0.114483998213402,
        0.110668597624055,
        0.1068994049070174,
        0.1040376282578202,
        0.1006097818314825,
        0.0993995701914478,
        0.09774958025281,
        0.096273140010668,
        0.0955308199424151,
        0.0936380040073139,
        0.0916225301546059,
        0.0895585180130836,
        0.0848561871890736,
        0.0802250883192124,
        0.0779728624629991,
        0.0759963711607009,
        0.0727220433749453,
        0.0693627592968113,
        0.0653366725813971
    ],
    "skin_bloodSO2_0.675": [
        0.1239657154176493,
        0.1177425550035912,
        0.1138277626356644,
        0.1099588512393748,
        0.1069974536316853,
        0.1033928714800272,
        0.1020951335270024,
        0.1002995843290394,
        0.0987034966015531,
        0.0978978645285587,
        0.0959055136264867,
        0.0938331150428572,
        0.091729670093008,
        0.0869364084049699,
        0.0821952394983057,
        0.0798676029823783,
        0.0778216948117192,
        0.0744139090825752,
        0.070846878291282,
        0.0665802179452358
    ],
    "skin_bloodSO2_0.7": [
        0.1073773159699512,
        0.1020111449955449,
        0.0986439580870474,
        0.0953250146725574,
        0.0928404248922579,
        0.089795772834076,
        0.0887000816469866,
        0.0871905052012375,
        0.0858370492165905,
        0.0851535343313777,
        0.0834412924818183,
        0.0816452509231975,
        0.0798178451452138,
        0.0756544771900585,
        0.0715402717140654,
        0.0695304210192397,
        0.0677621374795289,
        0.0648300891191465,
        0.061873115132023,
        0.058334152139141
    ],