{
    "skin_bloodSO2_0.35": [
        0.1118671080753271,
        0.1063508211222521,
        0.1028852203264543,
        0.0994799277089898,
        0.0969538098639875,
        0.0937301003623991,
        0.0925270015237092,
        0.0908333497567594,
        0.0893176586814012,
        0.0885474493154861,
        0.0866993472599848,
        0.0848327555303079,
        0.0829681432608665,
        0.078710902735328,
        0.0744567601962205,
        0.0723528116623505,
        0.0704946933737059,
        0.0673921968933662,
        0.0642664080725309,
        0.0605330958019416
    ],
    "skin_bloodSO2_0.375": [
        0.0686535118696325,
        0.0653390348197577,
        0.0632711745282287,
        0.0612585346231586,
        0.0599204380992477,
        0.0580808625676418,
        0.0573711416656379,
        0.0563649296424354,
        0.0554428224339649,
        0.0549678982669114,
        0.0538103446285433,
        0.0526358926812269,
        0.0514623593369468,
        0.0487848728529419,
        0.0461189330427044,
        0.0448018161510657,
        0.0436345311875771,
        0.0417208617093337,
        0.0400571724694197,
        0.038088778317925
    ],
    "skin_bloodSO2_0.4": [
        0.0991153471502173,
        0.0942258835726251,
        0.0911538251183679,
        0.0881346580105935,
        0.0859032266878355,
        0.0830462884207005,
        0.0819782159156313,
        0.0804729622755898,
        0.0791261658100902,
        0.078440807949538,
        0.0767957550020867,
        0.0751345000795757,
        0.073474589833718,
        0.0696848961272119,
        0.0659017327815627,
        0.0640281014255167,
        0.0623740188468576,
        0.0596161572008126,
        0.0568459474369989,
        0.0535423653108569
    ],
    "skin_bloodSO2_0.425": [
        0.1037221960398036,
        0.0986089529456315,
        0.0953970237113268,
        0.0922413333901117,
        0.0899184119184973,
        0.0869359541745067,
        0.0858194557116618,
        0.0842453347629526,
        0.082835814712731,
        0.0821180621311346,
        0.0803942199135552,
        0.0786531536868281,
        0.0769134204919941,
        0.0729416108781464,
        0.0689776877101556,
        0.0670142368167741,
        0.0652807328459487,
        0.0623928865977823,
        0.059507331010966,
        0.0560679286706131
    ],
    "skin_bloodSO2_0.5": [
        0.1172995130312106,
        0.1114801936584403,
        0.1078172956361135,
        0.1042085474720224,
        0.1014764017663922,
        0.0980327912124617,
        0.0967548017654234,
        0.0949559977073797,
        0.0933563870341848,
        0.0925446942151801,
        0.0906041524119211,
        0.0886470187099763,
        0.0866913867321664,
        0.0822257858951036,
        0.0777656522656812,
        0.0755547070148135,
        0.0736049990840475,
        0.0703405869853253,
        0.0669477697213838,
        0.062895887513866
    ],
    "skin_bloodSO2_0.525": [
        0.1246096351051355,
        0.118424258165927,
        0.1145303390498323,
        0.1106930538678213,
        0.1077872707273415,
        0.1041241077990558,
        0.1027643958365073,
        0.1008498945830949,
        0.0991482470644377,
        0.0982844621400456,
        0.0962196652145358,
        0.0941375217827481,
        0.0920567637430287,
        0.0873054757721136,
        0.0825617106672698,
        0.0802087246815304,
        0.0781342250806632,
        0.0746618493750064,
        0.0710488173729399,
        0.066736034982658
    ],
    "skin_bloodSO2_0.55": [
        0.1038901337318283,
        0.0987872280516356,
        0.0955851396770073,
        0.0924442675422715,
        0.0901339910657237,
        0.0871732944838528,
        0.0860665915183274,
        0.0845102356702719,
        0.0831119019479622,
        0.0824017380462014,
        0.0806946488944949,
        0.078968772473817,
        0.0772454497265822,
        0.0733108964971003,
        0.0693741830405026,
        0.0674325367577259,
        0.0657156216837694,
        0.0628494125211514,
        0.0600062319216216,
        0.0566050756691021
    ],
    "skin_bloodSO2_0.575": [
        0.0692623026706396,
        0.0659196163060534,
        0.0638341528804443,
        0.0618047615149818,
        0.0604365109388893,
        0.0585774611192785,
        0.0578641929392737,
        0.0568560515733694,
        0.0559322022389134,
        0.0554582148654744,
        0.0543042645034322,
        0.0531331302164273,
        0.0519636374652345,
        0.0492950303567118,
        0.0466312416143779,
        0.0453196623290287,
        0.0441562746650578,
        0.0422414911341966,
        0.0405562953550383,
        0.038553100784932
    ],
    "skin_bloodSO2_0.6": [
        0.0718209333010755,
        0.0683635214165548,
        0.0662078958181303,
        0.0641127585260366,
        0.0626843641537195,
        0.0607648021232027,
        0.0600324433469158,
        0.0590017251181148,
        0.0580550816833479,
        0.0575718152614805,
        0.0563957419591006,
        0.0552010933994972,
        0.05400929121583,
        0.0512893923076854,
        0.0485642107931373,
        0.0472299353112715,
        0.0460443553628647,
        0.0440839223725834,
        0.0423498783955821,
        0.0402752632612267
    ],
    "skin_bloodSO2_0.625": [
        0.1012170447384294,
        0.0962393949935632,
        0.0931146906524361,
        0.0900480707260239,
        0.0877810684376085,
        0.0848852000162214,
        0.083804334202444,
        0.0822846306419919,
        0.0809210352990594,
        0.0802288805347147,
        0.0785664561179913,
        0.0768862046337451,
        0.0752084032890802,
        0.0713776537799912,
        0.067544590372926,
        0.0656535639408508,
        0.0639818332848821,
        0.0611887902814373,
        0.0583980312438915,
        0.0550588749469714
    ],
    "skin_bloodSO2_0.65": [
        0.089540020115877,
        0.0851496091958075,
        0.0823965483587898,
        0.0796981238685278,
        0.0777622559614719,
        0.0752336130035409,
        0.0742794912986938,
        0.0729321218213667,
        0.0717184486772377,
        0.0710984328418529,
        0.0696034414512196,
        0.068091723745458,
        0.0665811058432837,
        0.0631329725843121,
        0.059694403537628,
        0.0579919404215222,
        0.0564874402571555,
        0.0539923004964477,
        0.0515856254009862,
        0.048722812990071
    ],
    "skin_bloodSO2_0.675": [
        0.108986204745647,
        0.1036327426954005,
        0.1002733066587307,
        0.0969780434103459,
        0.0945473776427214,
        0.0914393818847886,
        0.0902789508322095,
        0.0886480037371559,
        0.0871828767300467,
        0.0864393887332091,
        0.0846527772821308,
        0.0828464637354376,
        0.0810430388211374,
        0.076925481993535,
        0.0728035984796306,
        0.070771916488602,
        0.068975137158418,
        0.0659730103301225,
        0.062986292024312,
        0.0594105912736814
    ],
    "skin_bloodSO2_0.7": [
        0.1109705684006706,
        0.1054841878255173,
        0.1020344818204897,
        0.0986409221383821,
        0.0960941966722511,
        0.0928688061497442,
        0.0916693710608113,
        0.0899820203693398,
        0.088476282268981,
        0.0877122336818823,
        0.0858823794671031,
        0.0840353074547237,
        0.0821901943602478,
        0.0779771262837538,
        0.0737658114845707,
        0.0716823717494749,
        0.0698432652427317,
        0.066766145828029,
        0.0636150268280608,
        0.0598485580758416
    ],