{
    "fat_bloodSO2_0.35": [
        0.0230263221979391,
        0.0230606290892065,
        0.024522125064895,
        0.0302896971626841,
        0.0389878202589596,
        0.0469356887250486,
        0.0533952496417813,
        0.065586486054461,
        0.0720360558263508,
        0.0763321831874234,
        0.0884950804126156,
        0.0913474383680187,
        0.0734373901003851,
        0.0297395219054996,
        0.0254210709800436,
        0.0282765227947106,
        0.0325621336231069,
        0.0433004121132217,
        0.0577546587415837,
        0.0464668754216158
    ],
    "fat_bloodSO2_0.4": [
        0.0273000975274626,
        0.0273303969934411,
        0.0290560401196184,
        0.0358893318066783,
        0.0461790585043652,
        0.0555899735154302,
        0.0632519845939722,
        0.0777158513588509,
        0.0853693201765195,
        0.090468541053589,
        0.1049078779355653,
        0.1082978438878431,
        0.0870457574845368,
        0.0351927873560003,
        0.0300763961704378,
        0.0334694257984728,
        0.0385601076281324,
        0.051306569096377,
        0.0684205449725667,
        0.054971688286509
    ],
    "fat_bloodSO2_0.425": [
        0.0243619527123433,
        0.0243934077410309,
        0.0259363059686018,
        0.0320359878674835,
        0.0412274593737603,
        0.0496303565635283,
        0.0564660298692266,
        0.069368636674532,
        0.0761953223644408,
        0.0807432046348398,
        0.0936201343230005,
        0.0966418208732979,
        0.0776854713862468,
        0.0314342732956299,
        0.026867485780619,
        0.02989221231682,
        0.0344309120636951,
        0.0457988768625806,
        0.0610801894346665,
        0.0491071698466665
    ],
    "fat_bloodSO2_0.5": [
        0.0233790235726502,
        0.0234213840662547,
        0.0249108354033782,
        0.030771875077705,
        0.0396240267322515,
        0.0477050359731651,
        0.0542626995365342,
        0.0666365757462731,
        0.073181372112636,
        0.0775400003320872,
        0.0898779451671469,
        0.0927676311358454,
        0.0745891420563784,
        0.0302373133476569,
        0.0258463279435303,
        0.0287392104203623,
        0.0330834429744564,
        0.0439770976281621,
        0.0586741405009567,
        0.0472588831896456
    ],
    "fat_bloodSO2_0.55": [
        0.0269160725709008,
        0.0269604587533707,
        0.0286719454560701,
        0.0354164685444381,
        0.0455951065857551,
        0.0548916599526303,
        0.0624416644101719,
        0.076689510538224,
        0.0842263372290888,
        0.0892461819064663,
        0.1034569179958351,
        0.1067875576960575,
        0.0858564845567728,
        0.034788289705463,
        0.0297372933095417,
        0.0330716405454899,
        0.0380772111524399,
        0.050623995580585,
        0.0675313917495551,
        0.0543630400172564
    ],
    "fat_bloodSO2_0.575": [
        0.0240135384224784,
        0.0240511611976068,
        0.0255757948447463,
        0.031588280664313,
        0.0406551923730259,
        0.0489409330428911,
        0.0556734957794575,
        0.0683797265465478,
        0.0751019101782744,
        0.0795795878757192,
        0.09225576329245,
        0.0952297484843302,
        0.0765686205593283,
        0.0310379243461734,
        0.0265409840767511,
        0.0295190411654302,
        0.0339867214356534,
        0.0451791109654254,
        0.060248144350875,
        0.0484929254893161
    ],
    "fat_bloodSO2_0.6": [
        0.0230214244683244,
        0.0230492842015375,
        0.0245053980808793,
        0.0302661070049941,
        0.0389413932189791,
        0.0468758527278966,
        0.05333346453726,
        0.0655232981442094,
        0.0719734955180513,
        0.0762709019266886,
        0.0884389598792192,
        0.0912964643760303,
        0.0733904991172763,
        0.0297015512912473,
        0.025392331707616,
        0.0282531703275886,
        0.0325438947600053,
        0.0432862774355134,
        0.0577156268354096,
        0.0463932492664578
    ],
    "fat_bloodSO2_0.65": [
        0.0245484027593842,
        0.0245817719042203,
        0.0261381749397094,
        0.0322875497828225,
        0.0415587617951157,
        0.0500314382329124,
        0.056921172539872,
        0.0699250722994552,
        0.0768047788243836,
        0.0813876792858409,
        0.0943634660593765,
        0.0974064006521344,
        0.0782983469790638,
        0.0316775142953607,
        0.0270701025665725,
        0.0301156824127697,
        0.0346875305308479,
        0.0461425657258961,
        0.061550842297533,
        0.0494935051124751
    ],
    "fat_bloodSO2_0.675": [
        0.0241067592194656,
        0.0241321325744427,
        0.025655394547577,
        0.031690453851226,
        0.0407778824305687,
        0.0490890465114943,
        0.0558570489527947,
        0.0686335169942902,
        0.0753940830027111,
        0.0798984623843944,
        0.0926538875821645,
        0.0956479934485755,
        0.0768721944108831,
        0.0310612409650034,
        0.0265399266339406,
        0.0295362654902352,
        0.0340327419566956,
        0.0452921465268332,
        0.0604059888568597,
        0.0485189415324286
    ],
    "fat_bloodSO2_0.7": [
        0.0233877632888118,
        0.0234353045668481,
        0.0249274242518887,
        0.030787195363416,
        0.0396391344414445,
        0.0477200460423669,
        0.0542723818175582,
        0.0666351904279018,
        0.073174150681943,
        0.0775286139428411,
        0.0898529830407727,
        0.0927411124122415,
        0.0745894500660635,
        0.0303026998591895,
        0.0259215456684475,
        0.0288145146294492,
        0.0331556533129259,
        0.0440393362638232,
        0.0587369633298852,
        0.0473589717858079
    ],
    "fat_bloodSO2_0.725": [
        0.0268793945822276,
        0.0269098986529793,
        0.0286083977492408,
        0.035332566603858,
        0.0454546724630767,
        0.0547148711347301,
        0.0622543169809807,
        0.0764870267854158,
        0.0840186558898926,
        0.0890368386572224,
        0.1032462396873172,
        0.106584457418395,
        0.0856785345565264,
        0.0346696080790137,
        0.0296412138644778,
        0.0329834364724415,
        0.0379951042651281,
        0.0505395458635581,
        0.0673796872563557,
        0.0541484907209901
    ],
    "fat_bloodSO2_0.75": [
        0.023266856862644,
        0.0233076272283968,
        0.0247874464628714,
        0.0306134646244694,
        0.0394041189880323,
        0.0474349123296485,
        0.0539551165650121,
        0.0662593773601244,
        0.0727684434681031,
        0.0771037559414462,
        0.0893756404508467,
        0.0922541108598564,
        0.0741870172594953,
        0.0301058851676035,
        0.0257506860186785,
        0.0286336974638489,
        0.0329584666567896,
        0.0437948739496993,
        0.0584007298096768,
        0.0470407273521648
    ],
    "fat_bloodSO2_0.775": [
        0.0235407458292696,
        0.0235719222852922,
        0.025062685299284,
        0.0309544125323783,
        0.0398308790161576,
        0.0479472006463545,
        0.0545493969037035,
        0.0670113395801235,
        0.0736051309564212,
        0.0779979134787967,
        0.0904352973060381,
        0.09335517883205,
        0.0750506255542956,
        0.0303893982073321,
        0.0259824228065835,
        0.0289059087436653,
        0.0332909273951104,
        0.0442715347885816,
        0.0590318829469344,
        0.0474714474872542
    ],